상권_구분_코드,상권_구분_코드_명,상권_코드,상권_코드_명,엑스좌표_값,와이좌표_값,자치구_코드,자치구_코드_명,행정동_코드,행정동_코드_명,영역_면적
A,골목상권,3110009,자하문터널,196991,455057,11110,종로구,11110550,부암동,178306
A,골목상권,3110010,평창동서측,197064,456643,11110,종로구,11110560,평창동,369415
A,골목상권,3110017,정독도서관,198581,453781,11110,종로구,11110600,가회동,83855
A,골목상권,3110018,중앙고등학교,198883,453690,11110,종로구,11110600,가회동,166872
A,골목상권,3110020,서울국제고등학교,199598,454302,11110,종로구,11110650,혜화동,133692
A,골목상권,3110001,이북5도청사,196262,456660,11110,종로구,11110560,평창동,108529
A,골목상권,3110003,세검정초등학교,196389,455998,11110,종로구,11110550,부암동,191570
A,골목상권,3110035,동묘앞역 2번,201699,452879,11110,종로구,11110710,숭인2동,95779
A,골목상권,3110012,성곡미술관,197292,452641,11110,종로구,11110530,사직동,124348
A,골목상권,3110014,경복고등학교,197484,453952,11110,종로구,11110515,청운효자동,63411
A,골목상권,3110015,청와대사랑채,197585,453623,11110,종로구,11110515,청운효자동,69399
A,골목상권,3110016,평창동동측,197827,457040,11110,종로구,11110560,평창동,522818
A,골목상권,3110005,세검정,196688,455706,11110,종로구,11110550,부암동,244923
A,골목상권,3110037,신설동역 12번,201949,453159,11110,종로구,11110710,숭인2동,55232
A,골목상권,3110022,경신고등학교,199921,454166,11110,종로구,11110650,혜화동,60182
A,골목상권,3110024,혜화동주민센터,200121,454192,11110,종로구,11110650,혜화동,52850
A,골목상권,3110027,혜화역 1번,200507,453618,11110,종로구,11110640,이화동,117673
A,골목상권,3110028,이화달팽이길,200575,452995,11110,종로구,11110640,이화동,159124
A,골목상권,3110029,동대문역 1번,200934,452953,11110,종로구,11110680,창신2동,153230
A,골목상권,3110033,창신역 4번,201471,453118,11110,종로구,11110700,숭인1동,77869
A,골목상권,3110058,성심여자고등학교,195949,448136,11170,용산구,11170570,원효로2동,135620
A,골목상권,3110059,새남터성지,196084,447363,11170,용산구,11170640,이촌2동,56970
A,골목상권,3110040,중구회현체육센터(정화예술대남산캠퍼스),198420,450734,11140,중구,11140540,회현동,76242
A,골목상권,3110041,남산케이블카,198659,450764,11140,중구,11140550,명동,130560
A,골목상권,3110042,남산골공원옆,199565,450784,11140,중구,11140570,필동,72607
A,골목상권,3110043,충무초등학교,200090,451226,11140,중구,11140580,장충동,110058
A,골목상권,3110048,장충동주민센터,200749,451274,11140,중구,11140580,장충동,135606
A,골목상권,3110049,장충단 고개,200898,450889,11140,중구,11140625,다산동,70693
A,골목상권,3110053,청구역 1번,201118,451376,11140,중구,11140615,신당동,85550
A,골목상권,3110054,청구역 3번,201174,450806,11140,중구,11140645,청구동,69155
A,골목상권,3110056,신당역 3번,201855,451480,11140,중구,11140650,신당5동,129607
A,골목상권,3110079,후암동주민센터,198162,450065,11170,용산구,11170510,후암동,293041
A,골목상권,3110080,해방촌예술마을,198518,449757,11170,용산구,11170510,후암동,134562
A,골목상권,3110081,해방촌 남동측,198634,449401,11170,용산구,11170520,용산2가동,105010
A,골목상권,3110052,장충초등학교,201128,451117,11140,중구,11140625,다산동,68893
A,골목상권,3110060,효창공원앞역 6번,196339,448750,11170,용산구,11170590,용문동,94719
A,골목상권,3110061,효창동주민센터,196409,449179,11170,용산구,11170580,효창동,100249
A,골목상권,3110062,한강로동땡땡거리(은행나무길),196643,447278,11170,용산구,11170625,한강로동,132684
A,골목상권,3110063,효창공원앞역 5번,196702,448664,11170,용산구,11170590,용문동,110329
A,골목상권,3110064,효창공원앞역 2번,196816,449203,11170,용산구,11170580,효창동,131550
A,골목상권,3110082,용산구청,199212,448107,11170,용산구,11170650,이태원1동,71140
A,골목상권,3110083,서빙고역 1번,199271,446786,11170,용산구,11170690,서빙고동,58652
A,골목상권,3110084,경리단길북측,199236,449136,11170,용산구,11170660,이태원2동,225725
A,골목상권,3110085,경리단길남측,199260,448806,11170,용산구,11170660,이태원2동,181830
A,골목상권,3110066,서울역 15번,197079,450403,11170,용산구,11170555,청파동,133737
A,골목상권,3110067,배문고등학교,197116,449954,11170,용산구,11170555,청파동,204936
A,골목상권,3110068,남영역 1번,197107,449013,11170,용산구,11170560,원효로1동,145312
A,골목상권,3110069,숙대입구,197161,449524,11170,용산구,11170555,청파동,173542
A,골목상권,3110074,서울역 12번,197716,450166,11170,용산구,11170530,남영동,105922
A,골목상권,3110075,숙대입구역 1번,197679,449714,11170,용산구,11170530,남영동,128905
A,골목상권,3110110,상왕십리역 6번,202454,451618,11200,성동구,11200520,왕십리2동,51942
A,골목상권,3110087,이태원엔틱가구거리,199502,448055,11170,용산구,11170650,이태원1동,52542
A,골목상권,3110088,오산고등학교,199685,447296,11170,용산구,11170690,서빙고동,96560
A,골목상권,3110089,서빙고동주민센터,199668,446947,11170,용산구,11170690,서빙고동,105979
A,골목상권,3110090,한국폴리텍대학서울정수캠퍼스,199734,447571,11170,용산구,11170700,보광동,97059
A,골목상권,3110091,리움미술관,199856,448602,11170,용산구,11170685,한남동,55141
A,골목상권,3110092,NH농협은행 보광동지점,199990,447728,11170,용산구,11170700,보광동,105153
A,골목상권,3110093,우사단길,200024,448092,11170,용산구,11170685,한남동,234768
A,골목상권,3110095,한강진역 3번,200198,448658,11170,용산구,11170685,한남동,149192
A,골목상권,3110099,유엔빌리지길,201076,448324,11170,용산구,11170685,한남동,263187
A,골목상권,3110104,신금호역 4번,201782,450233,11200,성동구,11200615,금호2?3가동,66838
A,골목상권,3110131,성수동카페거리,204716,449234,11200,성동구,11200670,성수2가1동,131865
A,골목상권,3110132,성수2가3동주민센터,204767,449989,11200,성동구,11200690,성수2가3동,76450
A,골목상권,3110136,경수초등학교,205299,449009,11200,성동구,11200670,성수2가1동,260628
A,골목상권,3110112,행당역 2번,202776,451078,11200,성동구,11200560,행당1동,68591
A,골목상권,3110113,응봉산,202786,449918,11200,성동구,11200580,응봉동,89115
A,골목상권,3110133,서울교통공사,205004,451461,11200,성동구,11200790,용답동,80187
A,골목상권,3110134,성수119안전센터,205062,448509,11200,성동구,11200670,성수2가1동,222826
A,골목상권,3110135,성동세무서,205254,449984,11200,성동구,11200720,송정동,136762
A,골목상권,3110115,상왕십리역 3번,202799,451762,11200,성동구,11200535,왕십리도선동,80878
A,골목상권,3110116,청계천박물관,203093,452318,11200,성동구,11200540,마장동,98083
A,골목상권,3110118,왕십리역 9번,203170,450924,11200,성동구,11200560,행당1동,63575
A,골목상권,3110122,마장역 2번,203900,452033,11200,성동구,11200540,마장동,80335
A,골목상권,3110123,마장역 3번,203977,451906,11200,성동구,11200540,마장동,169553
A,골목상권,3110124,뚝섬역교차로,204001,450061,11200,성동구,11200660,성수1가2동,79596
A,골목상권,3110125,사근동살곶이상점가,204116,451277,11200,성동구,11200550,사근동,128923
A,골목상권,3110128,성원중학교,204412,448741,11200,성동구,11200650,성수1가1동,247340
A,골목상권,3110157,자양동우체국,207135,447836,11215,광진구,11215830,자양2동,115158
A,골목상권,3110158,중곡3동주민센터,207154,452135,11215,광진구,11215760,중곡3동,166799
A,골목상권,3110159,구의역 4번,207146,448388,11215,광진구,11215820,자양1동,210895
A,골목상권,3110137,성수초등학교,205519,449630,11200,성동구,11200690,성수2가3동,330983
A,골목상권,3110139,자양4동주민센터,205610,448404,11215,광진구,11215847,자양4동,155861
A,골목상권,3110140,건대입구역 6번,205807,448790,11215,광진구,11215847,자양4동,179746
A,골목상권,3110141,건대입구역 1번,205871,449295,11215,광진구,11215710,화양동,67458
A,골목상권,3110142,화양사거리,206028,449645,11215,광진구,11215710,화양동,116892
A,골목상권,3110146,신자초등학교,206474,448005,11215,광진구,11215840,자양3동,106885
A,골목상권,3110147,능동우편취급국,206519,450742,11215,광진구,11215730,군자동,157029
A,골목상권,3110150,중곡1동 마을마당,206780,451324,11215,광진구,11215740,중곡1동,159510
A,골목상권,3110151,자양한강도서관,206813,447963,11215,광진구,11215830,자양2동,107574
A,골목상권,3110153,중곡1동주민센터,207018,451220,11215,광진구,11215740,중곡1동,50068
A,골목상권,3110156,군자역 5번,207110,450472,11215,광진구,11215780,능동,153696
A,골목상권,3110174,아차산역 1번,208044,450658,11215,광진구,11215770,중곡4동,103458
A,골목상권,3110155,광진구청,207007,448746,11215,광진구,11215820,자양1동,97314
A,골목상권,3110161,중곡역 3번,207394,452066,11215,광진구,11215760,중곡3동,141901
A,골목상권,3110162,군자역 4번,207315,450952,11215,광진구,11215750,중곡2동,70945
A,골목상권,3110163,성자초등학교,207457,447914,11215,광진구,11215830,자양2동,66483
A,골목상권,3110164,아차산역 5번,207531,450418,11215,광진구,11215780,능동,85050
A,골목상권,3110165,국립정신건강센터,207575,451405,11215,광진구,11215750,중곡2동,95687
A,골목상권,3110166,구의1동주민센터,207558,449057,11215,광진구,11215850,구의1동,131620
A,골목상권,3110167,용마초등학교,207600,450940,11215,광진구,11215750,중곡2동,154354
A,골목상권,3110168,대원고등학교,207751,451529,11215,광진구,11215770,중곡4동,58514
A,골목상권,3110169,성동초등학교,207787,448123,11215,광진구,11215830,자양2동,75500
A,골목상권,3110170,동대부여고,207834,449143,11215,광진구,11215850,구의1동,120727
A,골목상권,3110172,광진초등학교,207912,449734,11215,광진구,11215860,구의2동,95499
A,골목상권,3110180,광진정보도서관,209612,449948,11215,광진구,11215810,광장동,74699
A,골목상권,3110181,신설동역 9번,202420,452524,11230,동대문구,11230536,용신동,141747
A,골목상권,3110187,제기동역 6번,202876,452949,11230,동대문구,11230536,용신동,159981
A,골목상권,3110189,제기동역 1번,202945,453360,11230,동대문구,11230545,제기동,88499
A,골목상권,3110190,고대앞사거리,203021,453940,11230,동대문구,11230545,제기동,101416
A,골목상권,3110195,동대문구청,203596,452957,11230,동대문구,11230536,용신동,115383
A,골목상권,3110199,홍릉시장,203766,453910,11230,동대문구,11230545,제기동,69877
A,골목상권,3110191,고려대역 6번,203181,454240,11230,동대문구,11230545,제기동,79173
A,골목상권,3110193,고려대역 4번,203326,454482,11230,동대문구,11230545,제기동,67780
A,골목상권,3110194,홍파초등학교,203549,453894,11230,동대문구,11230545,제기동,87946
A,골목상권,3110205,경희대삼거리,204533,454605,11230,동대문구,11230710,회기동,88816
A,골목상권,3110229,장평중학교,206184,451672,11230,동대문구,11230650,장안1동,205648
A,골목상권,3110232,동대부고,206490,453086,11230,동대문구,11230660,장안2동,104535
A,골목상권,3110225,촬영소사거리,205617,452236,11230,동대문구,11230610,답십리2동,54806
A,골목상권,3110210,서울시립대,204784,454008,11230,동대문구,11230560,전농1동,110970
A,골목상권,3110212,답십리초등학교,204987,452276,11230,동대문구,11230600,답십리1동,80982
A,골목상권,3110214,경희대후문,204987,455329,11230,동대문구,11230740,이문1동,79862
A,골목상권,3110215,회기역 1번,205156,454641,11230,동대문구,11230720,휘경1동,51478
A,골목상권,3110216,전농중학교,205156,453263,11230,동대문구,11230570,전농2동,65069
A,골목상권,3110217,자동차부품상가,205207,451743,11230,동대문구,11230610,답십리2동,56649
A,골목상권,3110218,답십리사거리,205138,452341,11230,동대문구,11230610,답십리2동,82160
A,골목상권,3110220,외대앞역 1번,205403,455074,11230,동대문구,11230740,이문1동,98625
A,골목상권,3110226,장안1동주민센터,205884,452160,11230,동대문구,11230650,장안1동,285861
A,골목상권,3110255,상봉역 4번,207311,454906,11260,중랑구,11260590,상봉2동,191245
A,골목상권,3110233,중랑역 1번,206528,455158,11260,중랑구,11260610,중화2동,124330
A,골목상권,3110234,중랑역 4번,206502,454920,11260,중랑구,11260610,중화2동,58421
A,골목상권,3110236,신묵초등학교,206616,456591,11260,중랑구,11260630,묵2동,180650
A,골목상권,3110237,메가박스 상봉,206601,454652,11260,중랑구,11260520,면목2동,124410
A,골목상권,3110243,중랑노인종합복지관,206888,454287,11260,중랑구,11260520,면목2동,128302
A,골목상권,3110244,중화역 4번,206912,455985,11260,중랑구,11260610,중화2동,63066
A,골목상권,3110245,KB국민은행 중화동지점,206956,455282,11260,중랑구,11260610,중화2동,62374
A,골목상권,3110246,월드순복음교회,206971,454832,11260,중랑구,11260590,상봉2동,87353
A,골목상권,3110247,먹골역 1번,207001,456738,11260,중랑구,11260620,묵1동,148439
A,골목상권,3110249,중화역 1번,207071,456080,11260,중랑구,11260600,중화1동,170317
A,골목상권,3110241,먹골역 5번,206829,456519,11260,중랑구,11260630,묵2동,99076
A,골목상권,3110242,면목5동주민센터,206907,453904,11260,중랑구,11260550,면목5동,105010
A,골목상권,3110251,장안중학교,207245,455571,11260,중랑구,11260600,중화1동,90556
A,골목상권,3110252,장안제일시장,207210,453972,11260,중랑구,11260550,면목5동,121544
A,골목상권,3110253,중곡초등학교,207294,452626,11260,중랑구,11260540,면목4동,86503
A,골목상권,3110278,망우본동주민센터,209142,455775,11260,중랑구,11260655,망우본동,137523
A,골목상권,3110272,신내1동주민센터,208691,456291,11260,중랑구,11260680,신내1동,146352
A,골목상권,3110256,면목2동체육관,207297,454482,11260,중랑구,11260520,면목2동,221861
A,골목상권,3110257,상봉역 7번,207583,455462,11260,중랑구,11260580,상봉1동,114328
A,골목상권,3110258,면동초등학교,207582,454086,11260,중랑구,11260565,면목본동,111432
A,골목상권,3110259,사가정역 1번,207605,453638,11260,중랑구,11260575,면목3?8동,86298
A,골목상권,3110260,면목역 3번,207615,454450,11260,중랑구,11260565,면목본동,65941
A,골목상권,3110261,사가정역 4번,207796,453176,11260,중랑구,11260570,면목7동,109503
A,골목상권,3110262,상봉역 3번,207850,454983,11260,중랑구,11260590,상봉2동,121975
A,골목상권,3110263,면목역 1번,207934,454695,11260,중랑구,11260565,면목본동,152104
A,골목상권,3110264,면목역 2번,208090,454193,11260,중랑구,11260565,면목본동,216948
A,골목상권,3110265,망우역 1번,208182,455535,11260,중랑구,11260580,상봉1동,164846
A,골목상권,3110266,면목동우체국,208094,453739,11260,중랑구,11260575,면목3?8동,114047
A,골목상권,3110267,망우역 2번,207896,455693,11260,중랑구,11260580,상봉1동,125682
A,골목상권,3110268,망우3동주민센터,208341,454702,11260,중랑구,11260660,망우3동,71237
A,골목상권,3110269,용마문화복지센터,208386,454301,11260,중랑구,11260575,면목3?8동,50066
A,골목상권,3110271,신내역 1번,208737,457334,11260,중랑구,11260680,신내1동,112596
A,골목상권,3110320,KB국민은행 종암동지점,203263,455041,11290,성북구,11290705,종암동,52907
A,골목상권,3110322,장위1동주민센터,203690,457290,11290,성북구,11290760,장위1동,84262
A,골목상권,3110323,상월곡역 1번,203943,456250,11290,성북구,11290725,월곡2동,83644
A,골목상권,3110281,길상사,199476,455329,11290,성북구,11290525,성북동,244583
A,골목상권,3110282,국민대학교앞,199894,456476,11290,성북구,11290640,정릉3동,69438
A,골목상권,3110284,정릉북한산국립공원입구,199916,457667,11290,성북구,11290650,정릉4동,57402
A,골목상권,3110285,홍대부중,200122,454958,11290,성북구,11290525,성북동,90071
A,골목상권,3110286,한성대입구역 5번,200267,454472,11290,성북구,11290525,성북동,112177
A,골목상권,3110287,정릉3동주민센터,200322,456640,11290,성북구,11290640,정릉3동,60168
A,골목상권,3110288,동구여중,200468,454617,11290,성북구,11290525,성북동,82760
A,골목상권,3110289,북한산보국문역 2번,200613,456596,11290,성북구,11290640,정릉3동,162270
A,골목상권,3110299,정릉역 1번,201588,455814,11290,성북구,11290620,정릉1동,140910
A,골목상권,3110300,삼선동주민센터,201728,454413,11290,성북구,11290600,안암동,155662
A,골목상권,3110301,성신여대입구역 7번,201622,455143,11290,성북구,11290575,동선동,107374
A,골목상권,3110302,보문역 8번,201699,453779,11290,성북구,11290610,보문동,67532
A,골목상권,3110303,성신여대입구역 1번,201864,454954,11290,성북구,11290575,동선동,109299
A,골목상권,3110304,보문역 4번,201853,454151,11290,성북구,11290600,안암동,93288
A,골목상권,3110305,보문역 5번,201956,453872,11290,성북구,11290600,안암동,147424
A,골목상권,3110307,길음역 7번,202044,456064,11290,성북구,11290660,길음1동,55213
A,골목상권,3110308,길음역 8번,202156,456410,11290,성북구,11290685,길음2동,84969
A,골목상권,3110309,대광초등학교,202174,453492,11290,성북구,11290600,안암동,72678
A,골목상권,3110291,한성대입구역 3번,200879,454012,11290,성북구,11290555,삼선동,175682
A,골목상권,3110293,삼선중학교,200919,454642,11290,성북구,11290525,성북동,79830
A,골목상권,3110295,정릉우체국,201097,456370,11290,성북구,11290630,정릉2동,153101
A,골목상권,3110296,성신여대입구역 4번,201319,454904,11290,성북구,11290575,동선동,59460
A,골목상권,3110297,경동고등학교,201254,454294,11290,성북구,11290555,삼선동,167263
A,골목상권,3110312,안암역 2번,202569,454348,11290,성북구,11290600,안암동,85118
A,골목상권,3110313,안암역 3번,202623,453826,11290,성북구,11290600,안암동,82289
A,골목상권,3110314,종암경찰서,202860,455730,11290,성북구,11290705,종암동,84094
A,골목상권,3110315,종암아이파크2차,202967,455307,11290,성북구,11290705,종암동,92801
A,골목상권,3110316,숭곡초등학교,203036,456508,11290,성북구,11290715,월곡1동,180619
A,골목상권,3110317,종암중학교,203017,454857,11290,성북구,11290705,종암동,91409
A,골목상권,3110318,KT월곡지사,203090,456010,11290,성북구,11290715,월곡1동,76869
A,골목상권,3110319,종암동주민센터,203175,455519,11290,성북구,11290705,종암동,98376
A,골목상권,3110353,수유동우체국,201429,460733,11305,강북구,11305625,수유2동,75187
A,골목상권,3110348,강북문화예술회관,201295,460283,11305,강북구,11305660,인수동,122433
A,골목상권,3110325,장곡초등학교,204065,457480,11290,성북구,11290760,장위1동,104685
A,골목상권,3110327,상월곡역 2번,204404,456574,11290,성북구,11290770,장위2동,117350
A,골목상권,3110328,상월곡역 3번,204494,456315,11290,성북구,11290810,석관동,88297
A,골목상권,3110329,우리은행체육관,204694,457411,11290,성북구,11290770,장위2동,88610
A,골목상권,3110330,돌곶이역 1번,204785,456784,11290,성북구,11290770,장위2동,72476
A,골목상권,3110331,돌곶이역 8번,205071,456537,11290,성북구,11290810,석관동,105931
A,골목상권,3110333,돌곶이역 5번,205235,456656,11290,성북구,11290810,석관동,67373
A,골목상권,3110334,석관중앙교회,205523,456497,11290,성북구,11290810,석관동,84276
A,골목상권,3110335,석계역 7번,205645,457031,11290,성북구,11290810,석관동,140761
A,골목상권,3110336,석관고등학교,205718,456720,11290,성북구,11290810,석관동,62554
A,골목상권,3110337,아카데미하우스,200625,460586,11305,강북구,11305660,인수동,120638
A,골목상권,3110340,인수중학교,200791,460520,11305,강북구,11305660,인수동,50149
A,골목상권,3110341,북한산우이역 2번,200835,462472,11305,강북구,11305645,우이동,140183
A,골목상권,3110342,국립재활원,201078,459717,11305,강북구,11305660,인수동,62499
A,골목상권,3110366,광산사거리,202157,460441,11305,강북구,11305635,수유3동,57563
A,골목상권,3110345,솔밭공원역 2번,201113,461962,11305,강북구,11305645,우이동,103855
A,골목상권,3110346,4.19민주묘지역 2번,201112,461090,11305,강북구,11305645,우이동,60794
A,골목상권,3110350,가오리역 2번,201343,459984,11305,강북구,11305660,인수동,75348
A,골목상권,3110351,수유북부시장옆,201375,459629,11305,강북구,11305660,인수동,78839
A,골목상권,3110352,수유1동주민센터,201422,458947,11305,강북구,11305615,수유1동,134108
A,골목상권,3110371,삼양입구사거리,202451,457427,11305,강북구,11305555,송천동,62809
A,골목상권,3110372,강북중학교,202506,460397,11305,강북구,11305635,수유3동,82483
A,골목상권,3110355,삼양사거리역 2번,201603,458000,11305,강북구,11305534,삼양동,101492
A,골목상권,3110356,덕수교,201609,460954,11305,강북구,11305625,수유2동,102062
A,골목상권,3110360,수유초등학교,201790,459211,11305,강북구,11305615,수유1동,106526
A,골목상권,3110361,삼양사거리역 1번,201938,457918,11305,강북구,11305555,송천동,74852
A,골목상권,3110362,우이천 계성교,201964,460744,11305,강북구,11305625,수유2동,142902
A,골목상권,3110364,미아역 8번,202029,458632,11305,강북구,11305535,미아동,127150
A,골목상권,3110365,미아역 5번,202059,458234,11305,강북구,11305535,미아동,115228
A,골목상권,3110358,인수동 우편취급국,201703,459587,11305,강북구,11305635,수유3동,111455
A,골목상권,3110359,수유시장옆,201763,459911,11305,강북구,11305635,수유3동,135413
A,골목상권,3110367,강북구청,202105,460127,11305,강북구,11305635,수유3동,63938
A,골목상권,3110368,송천초등학교,202139,457232,11305,강북구,11305555,송천동,105075
A,골목상권,3110369,성신여대운정그린캠퍼스,202277,459283,11305,강북구,11305535,미아동,133932
A,골목상권,3110370,도봉세무서,202381,457675,11305,강북구,11305555,송천동,108984
A,골목상권,3110396,쌍문역1번(쌍리단길),203218,460963,11320,도봉구,11320511,창1동,52971
A,골목상권,3110397,도봉산입구,203332,464982,11320,도봉구,11320521,도봉1동,542024
A,골목상권,3110398,쌍문2동우체국,203278,461696,11320,도봉구,11320670,쌍문2동,102318
A,골목상권,3110399,창2동주민센터,203454,460218,11320,도봉구,11320512,창2동,161205
A,골목상권,3110390,방학초등학교,202823,462590,11320,도봉구,11320700,방학2동,61821
A,골목상권,3110373,수유역 2번,202534,459700,11305,강북구,11305595,번1동,84732
A,골목상권,3110374,송중초등학교,202711,457804,11305,강북구,11305545,송중동,204374
A,골목상권,3110375,서울북부고용노동지청,202797,459422,11305,강북구,11305603,번2동,58262
A,골목상권,3110376,수송초등학교,202774,459976,11305,강북구,11305595,번1동,208928
A,골목상권,3110378,송중동주민센터,203052,457230,11305,강북구,11305545,송중동,53154
A,골목상권,3110387,쌍문초등학교,202159,461198,11320,도봉구,11320660,쌍문1동,143845
A,골목상권,3110388,도봉우체국,202678,460881,11320,도봉구,11320680,쌍문3동,55371
A,골목상권,3110394,방학중학교,203106,463000,11320,도봉구,11320700,방학2동,157817
A,골목상권,3110395,신한은행 방학동지점,203218,462687,11320,도봉구,11320690,방학1동,52472
A,골목상권,3110431,상계역,206556,462351,11350,노원구,11350624,중계4동,55707
A,골목상권,3110480,연신내역 3번,193392,457581,11380,은평구,11380520,불광1동,77808
A,골목상권,3110481,불광역 7번,193522,456966,11380,은평구,11380570,대조동,88375
A,골목상권,3110455,역촌노인복지관,192271,455990,11380,은평구,11380625,역촌동,155405
A,골목상권,3110456,구산보건지소,192317,456472,11380,은평구,11380560,구산동,170875
A,골목상권,3110457,예일여고,192325,456907,11380,은평구,11380560,구산동,93412
A,골목상권,3110483,연천초등학교,193551,457851,11380,은평구,11380520,불광1동,67748
A,골목상권,3110484,역촌역 3번,193559,456301,11380,은평구,11380510,녹번동,191591
A,골목상권,3110471,응암동우체국,192874,454645,11380,은평구,11380590,응암2동,123744
A,골목상권,3110517,서대문소방서,194394,452679,11410,서대문구,11410615,연희동,63408
A,골목상권,3110492,하나고등학교,194584,460074,11380,은평구,11380690,진관동,133323
A,골목상권,3110508,서연중학교,193595,452248,11410,서대문구,11410615,연희동,171649
A,골목상권,3110519,서대문구보건소별관,194442,453988,11410,서대문구,11410620,홍제1동,115619
A,골목상권,3110520,경의중앙 신촌역,194757,450919,11410,서대문구,11410585,신촌동,60585
A,골목상권,3110566,경의선책거리,193685,450750,11440,마포구,11440660,서교동,156743
A,골목상권,3110542,마포구청역 7번,191345,451292,11440,마포구,11440700,망원2동,123656
A,골목상권,3110544,망리단길,191619,450607,11440,마포구,11440690,망원1동,311648
A,골목상권,3110545,마포구청역 1번,191544,451746,11440,마포구,11440730,성산2동,87346
A,골목상권,3110553,가좌역 2번,192127,452064,11440,마포구,11440730,성산2동,83965
A,골목상권,3110554,망원역 1번,192277,450762,11440,마포구,11440660,서교동,126268
A,골목상권,3110582,이대역 5번,195312,450646,11440,마포구,11440610,염리동,53599
A,골목상권,3110421,석계역 1번,205573,457361,11350,노원구,11350560,월계1동,69794
A,골목상권,3110586,서울서부지방법원,196159,450001,11440,마포구,11440565,공덕동,132139
A,골목상권,3110587,공덕동주민센터,196316,449878,11440,마포구,11440565,공덕동,76629
A,골목상권,3110448,상신초등학교입구,191804,455212,11380,은평구,11380632,신사2동,61765
A,골목상권,3110409,창동역 2번,203829,461718,11320,도봉구,11320515,창5동,77642
A,골목상권,3110410,방학역 2번,203939,463274,11320,도봉구,11320690,방학1동,130951
A,골목상권,3110411,도봉역 3번,204032,464014,11320,도봉구,11320522,도봉2동,90321
A,골목상권,3110437,당고개역 2번,206846,463073,11350,노원구,11350665,상계3?4동,83701
A,골목상권,3110438,경춘선숲길 우측,206924,458484,11350,노원구,11350600,공릉2동,100071
A,골목상권,3110423,석계역 2번,205719,457498,11350,노원구,11350560,월계1동,58165
A,골목상권,3110472,연신내역 4번,193000,457351,11380,은평구,11380570,대조동,134157
A,골목상권,3110473,구산역 1번,193014,457016,11380,은평구,11380570,대조동,185580
A,골목상권,3110449,증산역 3번,191787,453767,11380,은평구,11380640,증산동,154127
A,골목상권,3110495,북가좌2동주민센터,192016,453516,11410,서대문구,11410720,북가좌2동,183812
A,골목상권,3110560,마포FM,192787,451180,11440,마포구,11440710,연남동,60230
A,골목상권,3110561,상수역 4번,193020,449646,11440,마포구,11440655,서강동,81410
A,골목상권,3111078,굽은다리역 4번,212791,449269,11740,강동구,11740685,길동,207328
A,골목상권,3110485,연신내우체국,193759,458017,11380,은평구,11380530,불광2동,103329
A,골목상권,3110486,은평구청,193642,455881,11380,은평구,11380510,녹번동,63348
A,골목상권,3110496,모래내우체국,192218,453273,11410,서대문구,11410720,북가좌2동,69544
A,골목상권,3110546,양화대교북단,191662,450075,11440,마포구,11440680,합정동,102440
A,골목상권,3110547,KB국민은행 망원동지점,191646,451113,11440,마포구,11440700,망원2동,72666
A,골목상권,3110458,선일여고,192396,457958,11380,은평구,11380552,갈현2동,118649
A,골목상권,3110459,응암역 2번,192366,455560,11380,은평구,11380631,신사1동,104660
A,골목상권,3110460,구산역 4번,192498,457218,11380,은평구,11380552,갈현2동,149102
A,골목상권,3110569,홍대땡땡거리,193992,450570,11440,마포구,11440655,서강동,84934
A,골목상권,3110548,마포구청역 4번,191712,451412,11440,마포구,11440720,성산1동,113289
A,골목상권,3110400,도봉구보건소,203457,462153,11320,도봉구,11320670,쌍문2동,123299
A,골목상권,3110415,수락산역 4번,204689,464016,11350,노원구,11350630,상계1동,197508
A,골목상권,3110588,한겨레신문사,196474,449809,11440,마포구,11440565,공덕동,72183
A,골목상권,3110571,신수동주민센터,194370,449562,11440,마포구,11440630,신수동,75550
A,골목상권,3110572,서강대역 1번,194437,450111,11440,마포구,11440630,신수동,148225
A,골목상권,3110424,상계초등학교,205957,462130,11350,노원구,11350640,상계2동,75911
A,골목상권,3110403,방학1동주민센터,203537,462802,11320,도봉구,11320690,방학1동,153054
A,골목상권,3110404,신창초등학교,203576,459627,11320,도봉구,11320513,창3동,297142
A,골목상권,3111086,한영중고,213661,449837,11740,강동구,11740540,명일2동,75463
A,골목상권,3111087,고덕중학교(고덕2동주민센터),214375,451335,11740,강동구,11740560,고덕2동,63497
A,골목상권,3111088,고덕동성당,215015,451172,11740,강동구,11740560,고덕2동,71669
A,골목상권,3110439,당고개역 5번,206942,463518,11350,노원구,11350665,상계3?4동,99026
A,골목상권,3110441,영신여고,207291,461205,11350,노원구,11350619,중계본동,54737
A,골목상권,3110425,계상초등학교,206006,462411,11350,노원구,11350670,상계5동,104277
A,골목상권,3110474,세명컴퓨터고등학교,193094,458463,11380,은평구,11380530,불광2동,125765
A,골목상권,3110451,증산역 4번,192207,454149,11380,은평구,11380640,증산동,178167
A,골목상권,3110488,우리은행응암동지점,193806,455674,11380,은평구,11380580,응암1동,93490
A,골목상권,3110526,봉원사,195306,452138,11410,서대문구,11410585,신촌동,112347
A,골목상권,3110498,증산역 1번,192362,454070,11410,서대문구,11410720,북가좌2동,115165
A,골목상권,3110499,연가초등학교,192836,453604,11410,서대문구,11410720,북가좌2동,122136
A,골목상권,3110463,응암3동주민센터,192604,454716,11380,은평구,11380600,응암3동,53976
A,골목상권,3110464,연신내역 5번,192658,457512,11380,은평구,11380552,갈현2동,99182
A,골목상권,3110540,망원나들목체육관,191170,450546,11440,마포구,11440690,망원1동,61616
A,골목상권,3110541,동교초등학교,191287,450928,11440,마포구,11440700,망원2동,101027
A,골목상권,3110527,홍제역 2번,195323,454390,11410,서대문구,11410640,홍제3동,106073
A,골목상권,3110549,새터산,191929,451850,11440,마포구,11440730,성산2동,101078
A,골목상권,3110550,합정역 8번,191993,450196,11440,마포구,11440680,합정동,173803
A,골목상권,3111079,둔촌고등학교(둔촌중학교),212802,447928,11740,강동구,11740700,둔촌2동,66695
A,골목상권,3111080,굽은다리역 3번,212907,449841,11740,강동구,11740530,명일1동,83549
A,골목상권,3110593,신월3동주민센터,184691,448235,11470,양천구,11470580,신월3동,177705
A,골목상권,3110594,신월중학교,184761,449104,11470,양천구,11470600,신월5동,77868
A,골목상권,3110575,대흥동주민센터,194807,450616,11440,마포구,11440600,대흥동,71531
A,골목상권,3110576,대흥역 3번,195036,449638,11440,마포구,11440600,대흥동,76040
A,골목상권,3110426,상계2동주민센터,206148,461865,11350,노원구,11350640,상계2동,130017
A,골목상권,3110405,방학역 1번,203619,463278,11320,도봉구,11320690,방학1동,185625
A,골목상권,3110452,새절역 3번,192273,454515,11380,은평구,11380632,신사2동,112690
A,골목상권,3110557,홍대부속여중고앞,192530,450970,11440,마포구,11440660,서교동,112569
A,골목상권,3110558,경성고등학교,192565,451651,11440,마포구,11440720,성산1동,321532
A,골목상권,3110559,성산중학교,192688,449683,11440,마포구,11440680,합정동,100801
A,골목상권,3110413,누원고등학교,204198,464883,11320,도봉구,11320522,도봉2동,74353
A,골목상권,3110444,수색성당,191453,453224,11380,은평구,11380640,증산동,73705
A,골목상권,3110446,내를건너서숲으로도서관,191796,454593,11380,은평구,11380632,신사2동,59764
A,골목상권,3110428,상계5동주민센터,206276,462728,11350,노원구,11350670,상계5동,217725
A,골목상권,3110477,은평세무서,193336,455907,11380,은평구,11380510,녹번동,101732
A,골목상권,3110478,응암1동주민센터,193406,455584,11380,은평구,11380580,응암1동,61196
A,골목상권,3110453,신사1동주민센터,192303,455136,11380,은평구,11380631,신사1동,209465
A,골목상권,3110454,선정중학교,192299,457526,11380,은평구,11380552,갈현2동,117225
A,골목상권,3110511,연희초등학교,194055,451806,11410,서대문구,11410615,연희동,200962
A,골목상권,3110512,연희지하차도,194158,453091,11410,서대문구,11410615,연희동,112524
A,골목상권,3110513,연희파출소,194116,452409,11410,서대문구,11410615,연희동,81070
A,골목상권,3110515,홍은중학교,194180,454791,11410,서대문구,11410685,홍은2동,64938
A,골목상권,3110479,연신내역 2번,193382,458068,11380,은평구,11380530,불광2동,102295
A,골목상권,3110529,홍제3동주민센터,195418,454778,11410,서대문구,11410640,홍제3동,113498
A,골목상권,3110502,남가좌파출소,193174,452938,11410,서대문구,11410700,남가좌2동,125757
A,골목상권,3110532,아현역 2번,196252,451127,11410,서대문구,11410555,북아현동,61152
A,골목상권,3110419,수락산디자인거리,205038,464087,11350,노원구,11350630,상계1동,125994
A,골목상권,3110578,대흥역 2번,195146,449859,11440,마포구,11440610,염리동,111950
A,골목상권,3110551,성서초등학교,192011,451116,11440,마포구,11440720,성산1동,102638
A,골목상권,3110552,성미산체육관,192075,451621,11440,마포구,11440720,성산1동,97940
A,골목상권,3110590,만리재,196687,450062,11440,마포구,11440565,공덕동,59702
A,골목상권,3110591,충정로역 6번,196681,450974,11140,중구,11140680,중림동,51038
A,골목상권,3110420,광운대역 1번,205266,457942,11350,노원구,11350560,월계1동,50431
A,골목상권,3110468,응암역 3번,192780,455968,11380,은평구,11380625,역촌동,243033
A,골목상권,3110469,응암정보도서관,192812,454074,11380,은평구,11380600,응암3동,197026
A,골목상권,3110579,마포역 4번,195146,448511,11440,마포구,11440585,도화동,55046
A,골목상권,3110429,공릉동 국수거리,206455,457940,11350,노원구,11350595,공릉1동,160554
A,골목상권,3110406,도봉산역 1번,203718,465573,11320,도봉구,11320521,도봉1동,247532
A,골목상권,3110407,도봉역 2번,203614,463983,11320,도봉구,11320521,도봉1동,454340
A,골목상권,3110408,가인초등학교,203661,462129,11320,도봉구,11320515,창5동,53197
A,골목상권,3110432,대진고등학교,206468,459617,11350,노원구,11350611,하계1동,69099
A,골목상권,3110433,공릉역 2번,206692,458322,11350,노원구,11350595,공릉1동,95309
A,골목상권,3110692,큰굴다리,186407,444470,11530,구로구,11530740,개봉1동,68249
A,골목상권,3110694,세곡초등학교,186504,445043,11530,구로구,11530730,고척2동,196285
A,골목상권,3110695,개봉1동주민센터,186895,444572,11530,구로구,11530730,고척2동,191612
A,골목상권,3110696,오류동역 1번,186908,443849,11530,구로구,11530750,개봉2동,87977
A,골목상권,3110665,곰달래도서관,186976,447805,11500,강서구,11500550,화곡2동,205223
A,골목상권,3110749,금산초등학교(금천고등학교),191606,438077,11545,금천구,11545690,시흥3동,145627
A,골목상권,3110750,시흥4동주민센터(서울신흥초등학교),191736,439818,11545,금천구,11545700,시흥4동,113692
A,골목상권,3110681,온수역 1번,184516,443619,11530,구로구,11530790,수궁동,82313
A,골목상권,3110703,개봉역,187529,443979,11530,구로구,11530740,개봉1동,119182
A,골목상권,3110722,G타워,190905,442315,11530,구로구,11530540,구로3동,84987
A,골목상권,3110724,금천구립가산도서관,190323,441521,11545,금천구,11545510,가산동,64563
A,골목상권,3110803,신길2동우편취급국,192220,445910,11560,영등포구,11560515,영등포본동,97248
A,골목상권,3110804,신풍역 1번,192291,444455,11560,영등포구,11560680,신길6동,83571
A,골목상권,3110735,말미고개,191078,440370,11545,금천구,11545620,독산2동,180092
A,골목상권,3110736,독산119안전센터,191226,440910,11545,금천구,11545640,독산4동,124454
A,골목상권,3110755,동일여자고등학교,192287,439057,11545,금천구,11545680,시흥2동,59664
A,골목상권,3110757,양평역 2번,189756,447266,11560,영등포구,11560610,양평1동,73590
A,골목상권,3110776,도신초등학교,191374,444236,11560,영등포구,11560720,대림3동,113740
A,골목상권,3110643,강서구다솔마을,183982,450681,11500,강서구,11500620,공항동,127210
A,골목상권,3110644,신광명마을,184449,449781,11500,강서구,11500611,발산1동,121040
A,골목상권,3110645,우장산역 4번,185289,450314,11500,강서구,11500611,발산1동,180103
A,골목상권,3110790,대림1동주민센터,191730,444244,11560,영등포구,11560670,신길5동,115306
A,골목상권,3110792,영등포역 2번,191832,445827,11560,영등포구,11560585,도림동,129915
A,골목상권,3110653,화곡역 2번,185990,449471,11500,강서구,11500615,우장산동,122821
A,골목상권,3110608,신월2동주민센터,186375,447299,11470,양천구,11470570,신월2동,199259
A,골목상권,3110699,덕의초등학교,187204,445195,11530,구로구,11530730,고척2동,55364
A,골목상권,3110700,고척초등학교,187387,444733,11530,구로구,11530720,고척1동,131905
A,골목상권,3110625,신정2동주민센터,188656,446559,11470,양천구,11470630,신정2동,100874
A,골목상권,3110626,양화초등학교,188812,449453,11470,양천구,11470520,목2동,127884
A,골목상권,3110654,까치산역 4번,185968,448182,11500,강서구,11500540,화곡1동,276225
A,골목상권,3110655,발산역 5번,186090,450860,11500,강서구,11500615,우장산동,121172
A,골목상권,3110562,연트럴파크(연남동주민센터),193227,451584,11440,마포구,11440710,연남동,96104
A,골목상권,3110751,난곡중학교,191767,442077,11545,금천구,11545630,독산3동,142894
A,골목상권,3110752,한울중학교,191944,440258,11545,금천구,11545700,시흥4동,160859
A,골목상권,3110684,서울공연예술고등학교,184965,444368,11530,구로구,11530790,수궁동,56085
A,골목상권,3110686,수궁동주민센터,185334,443922,11530,구로구,11530790,수궁동,191258
A,골목상권,3110707,구로창업지원센터,189343,445600,11530,구로구,11530510,신도림동,185688
A,골목상권,3110709,구로119안전센터,189526,443837,11530,구로구,11530530,구로2동,88217
A,골목상권,3110710,남구로역 3번,189736,443055,11530,구로구,11530530,구로2동,224117
A,골목상권,3110711,구로초등학교,189750,444136,11530,구로구,11530530,구로2동,157006
A,골목상권,3110712,남구로역 5번,189968,443117,11530,구로구,11530550,구로4동,83115
A,골목상권,3110668,화곡2동주민센터,187035,448118,11500,강서구,11500550,화곡2동,178678
A,골목상권,3110670,신곡초등학교,187264,448458,11500,강서구,11500570,화곡4동,146128
A,골목상권,3110815,공군호텔,193118,445802,11560,영등포구,11560630,신길1동,182950
A,골목상권,3110816,대방역 6번,193249,446149,11560,영등포구,11560630,신길1동,92336
A,골목상권,3110737,금천세무서,191235,441904,11545,금천구,11545630,독산3동,84015
A,골목상권,3110738,문성초등학교,191269,441435,11545,금천구,11545630,독산3동,114069
A,골목상권,3110713,구로보건소,190029,444650,11530,구로구,11530560,구로5동,250966
A,골목상권,3110759,문래예술촌(문래창작촌),190404,446148,11560,영등포구,11560605,문래동,299716
A,골목상권,3110760,선유도역 6번,190490,448546,11560,영등포구,11560620,양평2동,153365
A,골목상권,3110762,선유도역 1번,190523,448983,11560,영등포구,11560620,양평2동,342694
A,골목상권,3110612,신정역 5번,187264,447115,11470,양천구,11470650,신정4동,167833
A,골목상권,3110614,목동로데오거리,187652,447633,11470,양천구,11470650,신정4동,77332
A,골목상권,3110646,푸른들청소년도서관,185451,449406,11500,강서구,11500560,화곡3동,203547
A,골목상권,3110647,화곡역 5번,185643,448807,11500,강서구,11500540,화곡1동,210252
A,골목상권,3110648,양천향교역 7번,185683,451946,11500,강서구,11500603,가양1동,283983
A,골목상권,3110794,영동초등학교,191894,447582,11560,영등포구,11560560,당산2동,81298
A,골목상권,3110795,도림초등학교,191968,445494,11560,영등포구,11560650,신길3동,68722
A,골목상권,3110597,신월1동주민센터,185143,448358,11470,양천구,11470560,신월1동,181005
A,골목상권,3110598,신월문화체육센터,185267,446690,11470,양천구,11470611,신월7동,105945
A,골목상권,3110599,신월1파출소,185318,447959,11470,양천구,11470560,신월1동,105116
A,골목상권,3110416,노원초등학교,205046,463673,11350,노원구,11350630,상계1동,92687
A,골목상권,3110465,연신내역 7번,192719,457984,11380,은평구,11380551,갈현1동,72295
A,골목상권,3110702,개봉초등학교,187521,443242,11530,구로구,11530760,개봉3동,91947
A,골목상권,3110630,공항시장역 1번,183081,451771,11500,강서구,11500640,방화2동,187213
A,골목상권,3110631,방화초등학교,183212,452183,11500,강서구,11500640,방화2동,91895
A,골목상권,3110656,까치산역 3번,186119,447708,11500,강서구,11500540,화곡1동,201889
A,골목상권,3110657,양천향교역 5번,186180,451900,11500,강서구,11500603,가양1동,124877
A,골목상권,3110658,화곡초등학교,186389,449541,11500,강서구,11500590,화곡본동,65816
A,골목상권,3110659,화곡역 4번,186429,449017,11500,강서구,11500590,화곡본동,372788
A,골목상권,3110714,구로4동주민센터,190201,443547,11530,구로구,11530550,구로4동,140331
A,골목상권,3110727,독산역 1번 출입구,190387,440588,11545,금천구,11545610,독산1동,106562
A,골목상권,3110728,두산초등학교,190428,440885,11545,금천구,11545610,독산1동,50102
A,골목상권,3110729,가산동우체국,190558,442071,11545,금천구,11545510,가산동,85219
A,골목상권,3110753,시흥동 은행나무사거리,191899,438831,11545,금천구,11545710,시흥5동,177282
A,골목상권,3110688,오류지구대,185730,444002,11530,구로구,11530770,오류1동,79928
A,골목상권,3110716,구로나눔길,190166,443834,11530,구로구,11530530,구로2동,50788
A,골목상권,3110717,남구로역 2번,190184,442766,11530,구로구,11530595,가리봉동,206144
A,골목상권,3110671,등촌1동주민센터,187561,450691,11500,강서구,11500520,등촌1동,231350
A,골목상권,3110813,보라매역 6번,192848,444620,11560,영등포구,11560680,신길6동,100264
A,골목상권,3110814,서울지방병무청,193077,445339,11560,영등포구,11560690,신길7동,141531
A,골목상권,3110649,우장산역 1번,185667,450397,11500,강서구,11500615,우장산동,70187
A,골목상권,3110741,독산2동주민센터,191304,440495,11545,금천구,11545620,독산2동,96407
A,골목상권,3110765,문래동사거리,190762,445778,11560,영등포구,11560605,문래동,81024
A,골목상권,3110766,대림역 5번,190843,444085,11560,영등포구,11560720,대림3동,94929
A,골목상권,3110600,신월7동주민센터,185402,447045,11470,양천구,11470611,신월7동,158307
A,골목상권,3110466,구산역 2번,192764,456543,11380,은평구,11380625,역촌동,102377
A,골목상권,3110514,서대문우체국,194063,451114,11410,서대문구,11410585,신촌동,91935
A,골목상권,3110651,화원중학교,185784,448561,11500,강서구,11500540,화곡1동,142874
A,골목상권,3110652,양천향교역 2번,185848,452384,11500,강서구,11500603,가양1동,98467
A,골목상권,3110601,신월1동우편취급국,185551,447619,11470,양천구,11470560,신월1동,220158
A,골목상권,3110603,지향초등학교,185868,445909,11470,양천구,11470640,신정3동,60198
A,골목상권,3110660,등촌3동주민센터,186507,450988,11500,강서구,11500535,등촌3동,151533
A,골목상권,3110611,신정역 1번,187335,447451,11470,양천구,11470650,신정4동,105248
A,골목상권,3110617,등촌역 4번,188071,449651,11470,양천구,11470530,목3동,57686
A,골목상권,3110618,강서고등학교,188103,448419,11470,양천구,11470540,목4동,123264
A,골목상권,3110632,방화역 3번,183317,452821,11500,강서구,11500630,방화1동,70905
A,골목상권,3110634,송정역 3번,183513,450893,11500,강서구,11500620,공항동,238960
A,골목상권,3110662,까치산역 1번,186666,448383,11500,강서구,11500593,화곡8동,230187
A,골목상권,3110718,한국SGI본부,190345,444894,11530,구로구,11530560,구로5동,113693
A,골목상권,3110745,독산동정훈단지,191510,440729,11545,금천구,11545620,독산2동,79548
A,골목상권,3110747,석수역 1번 출입구,191566,437249,11545,금천구,11545690,시흥3동,72218
A,골목상권,3110675,화곡4동주민센터,187674,448535,11500,강서구,11500570,화곡4동,164488
A,골목상권,3110676,등촌역 7번,187709,450057,11500,강서구,11500530,등촌2동,73721
A,골목상권,3110679,염창역 2번,189142,449876,11500,강서구,11500510,염창동,69101
A,골목상권,3110689,오류동역 3번,186094,444250,11530,구로구,11530770,오류1동,115792
A,골목상권,3110690,오류2동버들시장,186120,443658,11530,구로구,11530780,오류2동,163596
A,골목상권,3110691,개봉중학교,186250,444792,11530,구로구,11530740,개봉1동,78095
A,골목상권,3110720,대림역 2번,190545,443726,11530,구로구,11530550,구로4동,111299
A,골목상권,3110721,가리봉파출소,190534,442240,11530,구로구,11530595,가리봉동,71977
A,골목상권,3110768,도림2동유수지내체육시설,190898,445288,11560,영등포구,11560585,도림동,51407
A,골목상권,3110817,대방역 4번,193183,446027,11560,영등포구,11560630,신길1동,51645
A,골목상권,3110819,신대방역 4번,192134,443262,11590,동작구,11590670,신대방1동,181264
A,골목상권,3110820,성남고등학교,193252,444990,11590,동작구,11590660,대방동,100016
A,골목상권,3110730,서울축산농협 독산역지점(독산파출소),190703,440614,11545,금천구,11545610,독산1동,115670
A,골목상권,3110731,금천구청역 1번 출입구,190837,439525,11545,금천구,11545670,시흥1동,161006
A,골목상권,3110732,가산초등학교(세일중학교),190933,441835,11545,금천구,11545610,독산1동,134081
A,골목상권,3110743,시흥초등학교(시흥1동우체국),191533,439560,11545,금천구,11545670,시흥1동,121078
A,골목상권,3110744,독산동성당,191524,441254,11545,금천구,11545640,독산4동,207152
A,골목상권,3110639,신방화역 8번,183627,451855,11500,강서구,11500630,방화1동,97165
A,골목상권,3110640,방화역 1번,183716,453166,11500,강서구,11500641,방화3동,79681
A,골목상권,3110641,공항고등학교,183939,452510,11500,강서구,11500630,방화1동,67482
A,골목상권,3110786,당산역 8번,191584,448284,11560,영등포구,11560560,당산2동,54674
A,골목상권,3110787,신길3동주민센터,191661,445257,11560,영등포구,11560650,신길3동,95882
A,골목상권,3110810,영신초등학교,192632,445721,11560,영등포구,11560630,신길1동,117632
A,골목상권,3110812,신길6동주민센터,192681,444264,11560,영등포구,11560680,신길6동,59185
A,골목상권,3110604,신월4동주민센터,185801,447110,11470,양천구,11470590,신월4동,150486
A,골목상권,3110606,신한은행 신월동지점,185964,446724,11470,양천구,11470590,신월4동,158709
A,골목상권,3110697,개봉3동주민센터,187085,442783,11530,구로구,11530760,개봉3동,81457
A,골목상권,3110698,개웅초등학교(개웅중학교),187021,443233,11530,구로구,11530760,개봉3동,131201
A,골목상권,3110748,백산초등학교,191556,438797,11545,금천구,11545710,시흥5동,70150
A,골목상권,3110620,목동보건지소,188258,448850,11470,양천구,11470540,목4동,177925
A,골목상권,3110635,공항시장역 3번,183536,451639,11500,강서구,11500620,공항동,95722
A,골목상권,3110637,송정역 2번,183536,451403,11500,강서구,11500620,공항동,86547
A,골목상권,3110638,신방화역 2번,183578,452151,11500,강서구,11500630,방화1동,180870
A,골목상권,3111026,문정역 2번,211145,442739,11710,송파구,11710641,문정1동,123212
A,골목상권,3111027,문정초등학교,211186,443249,11710,송파구,11710641,문정1동,124929
A,골목상권,3111025,경찰병원역 3번,211131,443863,11710,송파구,11710632,가락2동,59147
A,골목상권,3110830,상도초등학교,194593,444510,11590,동작구,11590560,상도4동,126620
A,골목상권,3110831,상도4동주민센터,194748,444356,11590,동작구,11590560,상도4동,56494
A,골목상권,3110882,신성초등학교,194361,441512,11620,관악구,11620665,서림동,147004
A,골목상권,3110942,염곡동 구룡사(포이동성당),204060,441129,11650,서초구,11650652,양재2동,252432
A,골목상권,3110970,학동초등학교,203644,445789,11680,강남구,11680531,논현2동,50014
A,골목상권,3110971,선정릉역 4번,203791,445313,11680,강남구,11680640,역삼1동,133222
A,골목상권,3110973,강남구청역 4번,203850,446594,11680,강남구,11680565,청담동,66136
A,골목상권,3111042,거여역 1번(거여공원),212696,444196,11710,송파구,11710531,거여1동,146365
A,골목상권,3111077,길동주민센터(강동도서관),212662,448642,11740,강동구,11740685,길동,247203
A,골목상권,3111028,문현중학교(장지역 1번),211262,442494,11710,송파구,11710646,장지동,53688
A,골목상권,3111051,천호역 6번,210995,448365,11740,강동구,11740650,성내2동,159647
A,골목상권,3111052,암사역 3번(천호동자전거거리),211055,449828,11740,강동구,11740610,천호2동,129295
A,골목상권,3110823,신대방삼거리역 3번,193495,443992,11590,동작구,11590680,신대방2동,88509
A,골목상권,3110825,신대방삼거리역 1번,193977,444086,11590,동작구,11590550,상도3동,182490
A,골목상권,3110849,이수역 10번,197978,442939,11590,동작구,11590640,사당3동,119168
A,골목상권,3110899,낙성대역 5번(관악중학교),196737,442198,11620,관악구,11620575,행운동,73363
A,골목상권,3111030,방이역 2번,211448,445215,11710,송파구,11710570,오금동,50911
A,골목상권,3110856,미성초등학교,192319,442269,11620,관악구,11620765,미성동,127503
A,골목상권,3110857,미성동주민센터,192423,441763,11620,관악구,11620765,미성동,113505
A,골목상권,3110859,난향초등학교,192625,440416,11620,관악구,11620715,난향동,77274
A,골목상권,3110872,신림초등학교,193607,442092,11620,관악구,11620655,신원동,53857
A,골목상권,3110873,당곡중학교,193763,443532,11620,관악구,11620525,보라매동,132683
A,골목상권,3110926,신중초등학교,200709,442463,11650,서초구,11650530,서초3동,98883
A,골목상권,3110900,낙성대역 1번(관악구민 종합체육센터),196764,441656,11620,관악구,11620625,인헌동,111817
A,골목상권,3110983,국립국악고등학교,204448,442053,11680,강남구,11680690,개포4동,56042
A,골목상권,3110832,노량진초등학교,194858,445646,11590,동작구,11590510,노량진1동,100857
A,골목상권,3110833,상도역 2번,195157,444896,11590,동작구,11590540,상도2동,54544
A,골목상권,3110910,내방역 5번,199070,443205,11650,서초구,11650621,방배4동,60073
A,골목상권,3110927,잠원역,200988,445925,11650,서초구,11650540,잠원동,60236
A,골목상권,3110929,남부터미널역 1번,201821,443233,11650,서초구,11650510,서초1동,186714
A,골목상권,3110988,청담역 3번,204796,446536,11680,강남구,11680580,삼성1동,79185
A,골목상권,3110883,은천초등학교(은천교앞),194431,443088,11620,관악구,11620525,보라매동,111515
A,골목상권,3111003,삼전역 4번,207293,444982,11710,송파구,11710650,잠실본동,272855
A,골목상권,3111004,삼전역 1번,207529,445253,11710,송파구,11710650,잠실본동,245561
A,골목상권,3111005,삼전역 3번,207842,444670,11710,송파구,11710610,삼전동,193689
A,골목상권,3111006,석촌고분역 1번,208309,445053,11710,송파구,11710610,삼전동,182032
A,골목상권,3111059,강동역 4번(강풀만화거리),211519,448272,11740,강동구,11740650,성내2동,282300
A,골목상권,3110829,장승배기역 5번,194538,445369,11590,동작구,11590520,노량진2동,92311
A,골목상권,3110877,신림역 8번,194080,442990,11620,관악구,11620695,신림동,103978
A,골목상권,3110850,사당역 10번,198068,442220,11590,동작구,11590620,사당1동,202958
A,골목상권,3110851,경문고등학교(동작동성당),198202,443594,11590,동작구,11590630,사당2동,115412
A,골목상권,3110947,청계산입구역 2번(내곡동주민센터),205203,438567,11650,서초구,11650660,내곡동,84941
A,골목상권,3111060,암사역 2번(서울강동초등학교),211503,449728,11740,강동구,11740610,천호2동,219221
A,골목상권,3110860,호림박물관(성보고등학교),192858,442483,11620,관악구,11620765,미성동,69058
A,골목상권,3110861,관악구신사동주민센터,192729,442721,11620,관악구,11620685,신사동,200822
A,골목상권,3111019,한성백제역 3번,210404,446016,11710,송파구,11710562,방이2동,182798
A,골목상권,3110901,인헌고등학교(인헌중학교),197183,441216,11620,관악구,11620625,인헌동,92180
A,골목상권,3110902,사당역 4번,198001,441642,11620,관악구,11620630,남현동,250733
A,골목상권,3111031,장지동주민센터(한림연예예술고교),211550,442964,11710,송파구,11710646,장지동,83345
A,골목상권,3111032,방이역 1번,211513,445488,11710,송파구,11710570,오금동,77913
A,골목상권,3110862,난곡초등학교(난곡동벽화마을),192771,441384,11620,관악구,11620775,난곡동,58047
A,골목상권,3110913,방현초등학교(방배119안전센터),198951,441910,11650,서초구,11650620,방배3동,148771
A,골목상권,3110930,서초동성당,201869,443675,11650,서초구,11650510,서초1동,98532
A,골목상권,3110992,도곡초등학교,205007,444509,11680,강남구,11680630,대치4동,138866
A,골목상권,3110994,개포고등학교,205433,442662,11680,강남구,11680670,개포2동,61589
A,골목상권,3110995,봉은사역 4번,205554,446410,11680,강남구,11680580,삼성1동,122757
A,골목상권,3110996,대치2동주민센터,205656,444713,11680,강남구,11680610,대치2동,112841
A,골목상권,3110836,상도역 5번,195705,444812,11590,동작구,11590530,상도1동,239852
A,골목상권,3110915,서래초등학교,199372,443950,11650,서초구,11650590,방배본동,76657
A,골목상권,3111007,석촌고분역 4번,208301,444502,11710,송파구,11710610,삼전동,163064
A,골목상권,3111008,석촌고분역 3번,208871,444507,11710,송파구,11710600,석촌동,104883
A,골목상권,3111044,남천초등학교,213170,444431,11710,송파구,11710550,마천2동,129883
A,골목상권,3110885,영락고등학교,194629,441770,11620,관악구,11620665,서림동,138911
A,골목상권,3111010,석촌역 7번,208985,445109,11710,송파구,11710600,석촌동,200178
A,골목상권,3111012,석촌역 6번,209339,444753,11710,송파구,11710600,석촌동,120754
A,골목상권,3111013,송파나루역 1번(송리단길),209567,445551,11710,송파구,11710580,송파1동,191523
A,골목상권,3111046,마천역(마천초등학교),213476,444071,11710,송파구,11710540,마천1동,209850
A,골목상권,3111047,마천1치안센터,213853,444135,11710,송파구,11710540,마천1동,131215
A,골목상권,3110826,장승배기역 4번,194212,444888,11590,동작구,11590540,상도2동,115676
A,골목상권,3110827,NH농협은행 상도동지점,194245,444648,11590,동작구,11590560,상도4동,68956
A,골목상권,3110828,노량진역 6번,194358,445728,11590,동작구,11590520,노량진2동,236972
A,골목상권,3110853,KT구로지사,191353,442391,11620,관악구,11620725,조원동,80033
A,골목상권,3110855,신대방역 2번,192238,442777,11620,관악구,11620725,조원동,155155
A,골목상권,3110949,한남IC,201701,446824,11680,강남구,11680510,신사동,62126
A,골목상권,3110955,논현초등학교,202603,445503,11680,강남구,11680521,논현1동,190913
A,골목상권,3110956,언주역 8번,202762,445017,11680,강남구,11680640,역삼1동,71587
A,골목상권,3111048,천호역 1번(천호문구완구거리),210722,449052,11740,강동구,11740610,천호2동,69265
A,골목상권,3111049,천호지구대(천호동자전거거리),210912,449349,11740,강동구,11740610,천호2동,110424
A,골목상권,3110863,난우초등학교,192760,441872,11620,관악구,11620765,미성동,109345
A,골목상권,3111021,방이역 4번,210857,445756,11710,송파구,11710561,방이1동,324278
A,골목상권,3111022,석촌중학교(방이육교),211018,444834,11710,송파구,11710620,가락본동,80535
A,골목상권,3111023,문정역 1번,210889,443165,11710,송파구,11710641,문정1동,61838
A,골목상권,3110905,방배노인종합복지관(이수중학교),198767,442486,11650,서초구,11650610,방배2동,76869
A,골목상권,3110907,방배초등학교,198700,443064,11650,서초구,11650621,방배4동,103888
A,골목상권,3110865,남강고등학교(남강중학교),193005,441570,11620,관악구,11620775,난곡동,181632
A,골목상권,3110916,내방역 4번,199314,442867,11650,서초구,11650600,방배1동,103116
A,골목상권,3110939,양재역 8번(양재동우체국),203504,442512,11650,서초구,11650651,양재1동,218114
A,골목상권,3110997,대청초등학교,207481,443569,11680,강남구,11680730,일원1동,236964
A,골목상권,3111000,대왕초등학교(세곡동사거리서남측),209464,440465,11680,강남구,11680700,세곡동,52892
A,골목상권,3110837,숭실대입구역 1번,195884,443947,11590,동작구,11590530,상도1동,148274
A,골목상권,3110839,숭실대입구역 4번,196190,443894,11590,동작구,11590530,상도1동,68786
A,골목상권,3110918,방배역 3번,199432,442516,11650,서초구,11650600,방배1동,62846
A,골목상권,3110919,내방역 8번,199552,443466,11650,서초구,11650621,방배4동,88173
A,골목상권,3110874,원신초등학교(구세군관악영문교회),193872,440965,11620,관악구,11620745,삼성동,110847
A,골목상권,3110875,보라매동주민센터(당곡고등학교),194004,443276,11620,관악구,11620525,보라매동,62226
A,골목상권,3110876,서원동주민센터(신관중학교),194029,442218,11620,관악구,11620645,서원동,59122
A,골목상권,3111089,상일여고(상일초등학교),215142,449858,11740,강동구,11740520,상일동,126943
A,골목상권,3111061,암사역 1번,211593,450267,11740,강동구,11740570,암사1동,175331
A,골목상권,3111062,둔촌동역 3번(성내3동주민센터),211636,447220,11740,강동구,11740660,성내3동,106811
A,골목상권,3110890,봉천역 1번(관악초등학교),195190,442296,11620,관악구,11620595,청룡동,53715
A,골목상권,3110957,언북중학교,202797,446468,11680,강남구,11680531,논현2동,94815
A,골목상권,3110958,역삼역 4번,202887,444846,11680,강남구,11680640,역삼1동,73119
A,골목상권,3111014,송파나루역 2번,209833,445902,11710,송파구,11710562,방이2동,72714
A,골목상권,3111015,석촌역 3번,209895,445180,11710,송파구,11710580,송파1동,226584
A,골목상권,3111016,송파역 2번,210199,444586,11710,송파구,11710590,송파2동,99527
A,골목상권,3111038,보인중학교,212297,444483,11710,송파구,11710570,오금동,83602
A,골목상권,3111063,강동구립 천호도서관,211691,448962,11740,강동구,11740620,천호3동,150522
A,골목상권,3111064,둔촌동역 4번,211697,447577,11740,강동구,11740660,성내3동,51128
A,골목상권,3111065,천일초등학교,211843,449114,11740,강동구,11740620,천호3동,62233
A,골목상권,3110961,언주역 3번,203028,445716,11680,강남구,11680531,논현2동,63031
A,골목상권,3110965,언주역 6번,203346,445193,11680,강남구,11680640,역삼1동,65108
A,골목상권,3110821,보라매역 2번,193222,444165,11590,동작구,11590680,신대방2동,128484
A,골목상권,3110822,신대방삼거리역 4번(대림초등학교),193481,444719,11590,동작구,11590660,대방동,91041
A,골목상권,3110866,난우중학교,193145,441089,11620,관악구,11620775,난곡동,139406
A,골목상권,3110846,남성역 1번,197550,442407,11590,동작구,11590650,사당4동,212396
A,골목상권,3110847,예술인마을,197545,441956,11590,동작구,11590620,사당1동,104588
A,골목상권,3110895,샤로수길,196117,441883,11620,관악구,11620585,낙성대동,315417
A,골목상권,3111067,강동구립성내도서관,211931,448063,11740,강동구,11740660,성내3동,203966
A,골목상권,3111069,천호1동주민센터,212044,449449,11740,강동구,11740600,천호1동,110491
A,골목상권,3110868,남부초등학교,193212,442810,11620,관악구,11620685,신사동,87679
A,골목상권,3110869,"신림역 5번(신림동주민센터, 신림동별빛거리)",193410,443070,11620,관악구,11620695,신림동,194701
A,골목상권,3110897,서울대입구역 8번,196233,442468,11620,관악구,11620575,행운동,115911
A,골목상권,3110975,매봉역 1번,203984,443063,11680,강남구,11680655,도곡1동,52363
A,골목상권,3110976,언북초등학교,204115,446924,11680,강남구,11680565,청담동,55724
A,골목상권,3111070,천호초등학교,212144,449775,11740,강동구,11740600,천호1동,59080
A,골목상권,3111072,굽은다리역 1번(십자성마을),212306,449281,11740,강동구,11740600,천호1동,153254
A,골목상권,3111073,둔촌동역 1번(한산중학교),212348,447971,11740,강동구,11740700,둔촌2동,179874
A,골목상권,3110922,내방역 1번,199733,442978,11650,서초구,11650600,방배1동,62116
A,골목상권,3110925,서초중학교,200617,443038,11650,서초구,11650530,서초3동,71878
A,골목상권,3110979,청담초등학교,204205,447539,11680,강남구,11680565,청담동,63403
A,골목상권,3110980,개포지구대옆,204236,442346,11680,강남구,11680690,개포4동,85828
A,골목상권,3110981,국악고교사거리,204328,441797,11680,강남구,11680690,개포4동,67409
A,골목상권,3111075,굽은다리역 2번,212465,449915,11740,강동구,11740600,천호1동,87782
A,골목상권,3111076,둔촌2동주민센터,212654,448239,11740,강동구,11740700,둔촌2동,60068
A,골목상권,3110892,관악구 중앙길,195677,442761,11620,관악구,11620615,중앙동,259916
A,골목상권,3110966,논현2동주민센터,203386,446575,11680,강남구,11680531,논현2동,93545
A,골목상권,3110967,역삼역 8번,203374,445011,11680,강남구,11680640,역삼1동,68672
D,발달상권,3120044,삼각지역,197638,448269,11170,용산구,11170625,한강로동,134419
D,발달상권,3120045,남영동 먹자골목,197641,449262,11170,용산구,11170530,남영동,66870
D,발달상권,3120046,이태원(이태원역),199539,448381,11170,용산구,11170650,이태원1동,283429
D,발달상권,3120100,망원역,192088,450652,11440,마포구,11440690,망원1동,67876
D,발달상권,3120101,합정역,192355,449998,11440,마포구,11440660,서교동,251511
D,발달상권,3120158,녹두거리(대학동),194428,441211,11620,관악구,11620735,대학동,117372
D,발달상권,3120047,한남오거리,200669,448168,11170,용산구,11170685,한남동,156210
D,발달상권,3120048,금호역,201735,449865,11200,성동구,11200620,금호4가동,61031
D,발달상권,3120105,상수역(홍대),193209,449875,11440,마포구,11440655,서강동,102057
D,발달상권,3120102,서교동(홍대),192713,450597,11440,마포구,11440660,서교동,246429
D,발달상권,3120103,홍대입구역(홍대),192825,450117,11440,마포구,11440660,서교동,461923
D,발달상권,3120104,연남동(홍대),193150,451174,11440,마포구,11440710,연남동,437447
D,발달상권,3120157,신림역(신림),193830,442811,11620,관악구,11620695,신림동,237915
D,발달상권,3120154,장승배기역,194741,444997,11590,동작구,11590540,상도2동,84828
D,발달상권,3120156,"총신대입구역(이수, 총신대)",198382,442950,11590,동작구,11590630,사당2동,246965
D,발달상권,3120042,"숙대입구역(남영역, 남영동)",197505,449194,11170,용산구,11170530,남영동,87154
D,발달상권,3120043,서울역,197609,450759,11140,중구,11140540,회현동,435455
D,발달상권,3120001,서대문역,197004,451905,11110,종로구,11110580,교남동,148292
D,발달상권,3120049,왕십리역(왕십리),203287,451265,11200,성동구,11200560,행당1동,193725
D,발달상권,3120050,서울숲역,204150,449189,11200,성동구,11200650,성수1가1동,58913
D,발달상권,3120051,뚝섬역,204279,449686,11200,성동구,11200660,성수1가2동,218163
D,발달상권,3120052,성수역,205008,449464,11200,성동구,11200690,성수2가3동,298939
D,발달상권,3120053,건대입구역(건대),206135,449004,11215,광진구,11215710,화양동,275082
D,발달상권,3120054,어린이대공원역,206380,449814,11215,광진구,11215730,군자동,145202
D,발달상권,3120055,군자역,207011,450848,11215,광진구,11215730,군자동,288693
D,발달상권,3120056,구의역,207505,448675,11215,광진구,11215850,구의1동,158734
D,발달상권,3120108,신정네거리역,186973,446939,11470,양천구,11470650,신정4동,184201
D,발달상권,3120109,서울남부지방법원,187627,446919,11470,양천구,11470620,신정1동,112835
D,발달상권,3120162,방배동카페골목,198745,444033,11650,서초구,11650590,방배본동,95526
D,발달상권,3120163,사당역 11번(사당역먹자골목),198745,442219,11650,서초구,11650610,방배2동,87254
D,발달상권,3120164,내방역,199436,443193,11650,서초구,11650621,방배4동,212543
D,발달상권,3120002,서촌(경복궁역),197511,453304,11110,종로구,11110530,사직동,176637
D,발달상권,3120003,광화문역,197756,452492,11110,종로구,11110530,사직동,394522
D,발달상권,3120004,종로구청,198330,452729,11110,종로구,11110615,종로1?2?3?4가동,124067
D,발달상권,3120005,삼청동,198327,453771,11110,종로구,11110540,삼청동,251643
D,발달상권,3120057,아차산역,207685,450529,11215,광진구,11215750,중곡2동,201257
D,발달상권,3120058,구의사거리,207770,449446,11215,광진구,11215850,구의1동,92657
D,발달상권,3120110,목동역 8번출구,187758,447371,11470,양천구,11470650,신정4동,126667
D,발달상권,3120111,목동사거리,187899,448051,11500,강서구,11500570,화곡4동,126109
D,발달상권,3120112,등촌역,188046,450164,11470,양천구,11470530,목3동,183773
D,발달상권,3120106,마포역,195229,448938,11440,마포구,11440590,용강동,136724
D,발달상권,3120107,공덕역(공덕오거리),195756,449256,11440,마포구,11440585,도화동,192218
D,발달상권,3120159,서울대입구역,195747,442391,11620,관악구,11620595,청룡동,235418
D,발달상권,3120160,사당역(사당),198414,442010,11650,서초구,11650610,방배2동,254257
D,발달상권,3120161,방배동가구거리(사당동가구거리),198539,443946,11650,서초구,11650590,방배본동,51195
D,발달상권,3120006,종각역,198542,452315,11110,종로구,11110615,종로1?2?3?4가동,270326
D,발달상권,3120007,북촌(안국역),198741,453290,11110,종로구,11110600,가회동,197675
D,발달상권,3120008,인사동,198695,452707,11110,종로구,11110615,종로1?2?3?4가동,182319
D,발달상권,3120059,구삼강변맛길,208190,448825,11215,광진구,11215870,구의3동,108961
D,발달상권,3120060,강변역(테크노마트),208364,448372,11215,광진구,11215870,구의3동,127108
D,발달상권,3120062,신설동역,202164,452823,11230,동대문구,11230536,용신동,271900
D,발달상권,3120063,청량리역(청량리),204223,453496,11230,동대문구,11230560,전농1동,316933
D,발달상권,3120113,오목교역,188859,447176,11470,양천구,11470510,목1동,140753
D,발달상권,3120114,목동신시가지,188989,447968,11470,양천구,11470510,목1동,421429
D,발달상권,3120175,남부터미널역,201602,442852,11650,서초구,11650510,서초1동,259951
D,발달상권,3120010,원남동사거리,199800,452831,11110,종로구,11110615,종로1?2?3?4가동,99120
D,발달상권,3120065,회기역,205089,454430,11230,동대문구,11230720,휘경1동,127203
D,발달상권,3120116,송정역,183179,451334,11500,강서구,11500620,공항동,61122
D,발달상권,3120176,논현역 4번,201666,445438,11650,서초구,11650560,반포1동,130507
D,발달상권,3120177,신논현역 1번,201758,445107,11650,서초구,11650560,반포1동,140535
D,발달상권,3120009,종로3가역,199178,452457,11110,종로구,11110615,종로1?2?3?4가동,401520
D,발달상권,3120165,서래마을카페거리(서래마을),199830,444291,11650,서초구,11650581,반포4동,108614
D,발달상권,3120166,방배역,199758,442469,11650,서초구,11650600,방배1동,193617
D,발달상권,3120167,고속터미널(고속터미널역),200465,445065,11650,서초구,11650581,반포4동,320815
D,발달상권,3120013,이화사거리,200140,452821,11110,종로구,11110630,종로5?6가동,134283
D,발달상권,3120066,장한평역(장한평),205699,451402,11230,동대문구,11230650,장안1동,450074
D,발달상권,3120067,장안동사거리,206315,452490,11230,동대문구,11230660,장안2동,219588
D,발달상권,3120069,상봉역,207750,455204,11260,중랑구,11260590,상봉2동,205828
D,발달상권,3120070,한성대입구역,200722,454401,11290,성북구,11290555,삼선동,80065
D,발달상권,3120120,화곡역,185754,449079,11500,강서구,11500540,화곡1동,136057
D,발달상권,3120121,까치산역,186514,447863,11500,강서구,11500540,화곡1동,104596
D,발달상권,3120122,강서구청,186817,450350,11500,강서구,11500591,화곡6동,224516
D,발달상권,3120169,서초역,200760,443557,11650,서초구,11650530,서초3동,242820
D,발달상권,3120170,삼호가든사거리,200968,444742,11650,서초구,11650581,반포4동,100858
D,발달상권,3120171,서초3동사거리,201041,442583,11650,서초구,11650530,서초3동,235083
D,발달상권,3120014,종로5가역,200205,452485,11110,종로구,11110630,종로5?6가동,136026
D,발달상권,3120015,종로6가,200621,452507,11110,종로구,11110630,종로5?6가동,53940
D,발달상권,3120016,동대문역,201005,452410,11110,종로구,11110670,창신1동,58788
D,발달상권,3120071,성북구청,201404,454424,11290,성북구,11290555,삼선동,50039
D,발달상권,3120072,성신여대,201545,454756,11290,성북구,11290575,동선동,197286
D,발달상권,3120073,미아사거리,202573,456478,11290,성북구,11290685,길음2동,90503
D,발달상권,3120075,월곡역,203715,455955,11290,성북구,11290725,월곡2동,94516
D,발달상권,3120076,수유역,202206,459794,11305,강북구,11305635,수유3동,297339
D,발달상권,3120077,미아역,202289,458452,11305,강북구,11305535,미아동,93348
D,발달상권,3120123,오류동역,186274,443987,11530,구로구,11530770,오류1동,209639
D,발달상권,3120118,마곡역(마곡),184704,451174,11500,강서구,11500603,가양1동,232166
D,발달상권,3120119,발산역(마곡),185482,451168,11500,강서구,11500603,가양1동,417076
D,발달상권,3120184,포이사거리(삼호물산),203986,441948,11650,서초구,11650652,양재2동,351949
D,발달상권,3120185,논현역,201936,445730,11680,강남구,11680521,논현1동,321182
D,발달상권,3120186,가로수길,201996,446810,11680,강남구,11680510,신사동,256688
D,발달상권,3120011,종로4가,199787,452401,11110,종로구,11110615,종로1?2?3?4가동,115988
D,발달상권,3120012,대학로(혜화역),200117,453688,11110,종로구,11110650,혜화동,256888
D,발달상권,3120182,"양재시민의숲역(양재동꽃시장, aT센터)",203571,441107,11650,서초구,11650652,양재2동,301253
D,발달상권,3120183,양재천카페거리,203846,442351,11650,서초구,11650651,양재1동,119809
D,발달상권,3120017,동묘앞역(동묘),201294,452578,11110,종로구,11110670,창신1동,71198
D,발달상권,3120018,중림동,197143,451108,11140,중구,11140680,중림동,144683
D,발달상권,3120019,경찰청앞교차로,197338,451460,11140,중구,11140520,소공동,90827
D,발달상권,3120020,시청역_1번,197752,451623,11140,중구,11140520,소공동,58426
D,발달상권,3120021,시청역_8번,197724,451359,11140,중구,11140520,소공동,132689
D,발달상권,3120078,미아사거리역,202731,457002,11305,강북구,11305545,송중동,94178
D,발달상권,3120079,창동역,204208,461419,11320,도봉구,11320515,창5동,96097
D,발달상권,3120178,신사역,201729,446276,11650,서초구,11650540,잠원동,353066
D,발달상권,3120179,양재역,203010,442784,11650,서초구,11680655,도곡1동,348405
D,발달상권,3120180,양재화물트럭터미널앞,203255,440496,11650,서초구,11650652,양재2동,184060
D,발달상권,3120022,북창동(시청역_6번),198025,451499,11140,중구,11140520,소공동,108517
D,발달상권,3120023,서울시청,198049,452055,11140,중구,11140550,명동,88816
D,발달상권,3120127,구로구청,190351,444133,11530,구로구,11530560,구로5동,84927
D,발달상권,3120125,구로역,189215,444765,11530,구로구,11530530,구로2동,657519
D,발달상권,3120181,교육개발원입구사거리,203394,441974,11650,서초구,11650651,양재1동,120183
D,발달상권,3120172,교대입구교차로,201112,443144,11650,서초구,11650530,서초3동,222734
D,발달상권,3120173,교대역(법원.검찰청),201307,443806,11650,서초구,11650510,서초1동,396531
D,발달상권,3120174,논현역 5번,201472,445681,11650,서초구,11650540,잠원동,70278
D,발달상권,3120024,회현역,198144,450868,11140,중구,11140540,회현동,106867
D,발달상권,3120084,공릉역,206501,458455,11350,노원구,11350595,공릉1동,81040
D,발달상권,3120085,은행사거리,206780,461180,11350,노원구,11350619,중계본동,61587
D,발달상권,3120086,태릉입구역,206799,457730,11350,노원구,11350595,공릉1동,72480
D,발달상권,3120087,응암역,192572,455461,11380,은평구,11380580,응암1동,58470
D,발달상권,3120133,서울시흥동우체국(홈플러스시흥점),191269,439239,11545,금천구,11545670,시흥1동,56376
D,발달상권,3120134,구로전화국,191634,442281,11545,금천구,11545630,독산3동,169662
D,발달상권,3120026,을지로입구역,198533,451986,11140,중구,11140550,명동,200306
D,발달상권,3120027,명동역(명동재미로),198568,451138,11140,중구,11140550,명동,157156
D,발달상권,3120028,명동(명동거리),198560,451473,11140,중구,11140550,명동,221515
D,발달상권,3120088,구산역,192675,456931,11380,은평구,11380552,갈현2동,59372
D,발달상권,3120089,구파발역,192798,459742,11380,은평구,11380690,진관동,130434
D,발달상권,3120090,연신내역,193120,457722,11380,은평구,11380520,불광1동,134415
D,발달상권,3120136,영등포구청역,190525,447328,11560,영등포구,11560550,당산1동,208631
D,발달상권,3120081,노원역,205487,461761,11350,노원구,11350640,상계2동,267693
D,발달상권,3120128,신도림역,190308,445419,11530,구로구,11530560,구로5동,251389
D,발달상권,3120132,독산동,190614,441262,11545,금천구,11545610,독산1동,530021
D,발달상권,3120030,중부경찰서(영화인의거리),199144,451473,11140,중구,11140550,명동,137954
D,발달상권,3120092,불광역,193770,456561,11380,은평구,11380570,대조동,61492
D,발달상권,3120093,연희동,193815,451927,11410,서대문구,11410615,연희동,111829
D,발달상권,3120094,"신촌역(신촌역, 신촌로터리)",194382,450780,11410,서대문구,11410585,신촌동,343829
D,발달상권,3120140,문래동주민센터,190952,446141,11560,영등포구,11560605,문래동,101046
D,발달상권,3120141,영등포청과시장교차로,190996,446852,11560,영등포구,11560550,당산1동,80055
D,발달상권,3120142,대림역,190958,443850,11560,영등포구,11560720,대림3동,142571
D,발달상권,3120143,당산역,191262,448366,11560,영등포구,11560560,당산2동,155541
D,발달상권,3120031,을지로3가역,199259,451855,11140,중구,11140605,을지로동,254774
D,발달상권,3120032,충무로역,199553,451319,11140,중구,11140570,필동,236516
D,발달상권,3120096,"이화여대(이대역, 이대)",194941,450990,11410,서대문구,11410585,신촌동,151417
D,발달상권,3120144,영중로,191608,447515,11560,영등포구,11560535,영등포동,92713
D,발달상권,3120145,영등포역(영등포),191662,446554,11560,영등포구,11560535,영등포동,404780
D,발달상권,3120147,보라매역,193019,444434,11590,동작구,11590660,대방동,93027
D,발달상권,3120033,을지로4가역,199709,451926,11140,중구,11140605,을지로동,85528
D,발달상권,3120095,홍제역,195120,454298,11410,서대문구,11410620,홍제1동,100614
D,발달상권,3120138,당산2동(영등포우체국),190924,447794,11560,영등포구,11560560,당산2동,94477
D,발달상권,3120139,대림3동사거리,190957,444527,11560,영등포구,11560720,대림3동,191427
D,발달상권,3120029,을지로2가,198759,451740,11140,중구,11140550,명동,56876
D,발달상권,3120149,여의도역(여의도),193481,447024,11560,영등포구,11560540,여의동,598658
D,발달상권,3120152,신대방삼거리역,193572,444444,11590,동작구,11590660,대방동,112198
D,발달상권,3120153,노량진역(노량진),194719,446060,11590,동작구,11590510,노량진1동,443826
D,발달상권,3120036,장충동족발거리(남소영길),200486,451165,11140,중구,11140580,장충동,88202
D,발달상권,3120037,동대문역사문화공원역,200652,451769,11140,중구,11140590,광희동,370638
D,발달상권,3120038,약수역,200886,450529,11140,중구,11140625,다산동,136837
D,발달상권,3120039,신당역,201389,451766,11140,중구,11140615,신당동,198976
D,발달상권,3120041,신용산역(용산역),196759,447723,11170,용산구,11170625,한강로동,1031423
D,발달상권,3120208,청담사거리(청담동명품거리),204217,447261,11680,강남구,11680565,청담동,331337
D,발달상권,3120209,"강남구청(청담역_8번, 강남세무서)",204377,446586,11680,강남구,11680565,청담동,134148
D,발달상권,3120210,선릉역,204364,445017,11680,강남구,11680630,대치4동,360434
D,발달상권,3120211,도성초등학교,204639,444576,11680,강남구,11680630,대치4동,72437
D,발달상권,3120212,한티역,204740,444220,11680,강남구,11680630,대치4동,112734
D,발달상권,3120213,삼성중앙역,204752,445788,11680,강남구,11680590,삼성2동,228925
D,발달상권,3120214,영동대교남단교차로,204844,447175,11680,강남구,11680565,청담동,89136
D,발달상권,3120215,포스코사거리,204975,445263,11680,강남구,11680590,삼성2동,318626
D,발달상권,3120216,경기고교사거리(경기고교앞사거리),205005,446809,11680,강남구,11680565,청담동,71695
D,발달상권,3120217,대치사거리,205165,444843,11680,강남구,11680630,대치4동,159411
D,발달상권,3120220,대치역,205508,443861,11680,강남구,11680600,대치1동,163253
D,발달상권,3120221,봉은사역,205516,446111,11680,강남구,11680580,삼성1동,124926
D,발달상권,3120222,삼성역,205584,445468,11680,강남구,11680610,대치2동,356337
D,발달상권,3120223,휘문고교사거리,205806,444988,11680,강남구,11680610,대치2동,133570
D,발달상권,3120225,잠실새내역(신천),207301,445671,11710,송파구,11710650,잠실본동,238047
D,발달상권,3120226,석촌고분역,208581,444877,11710,송파구,11710600,석촌동,129121
D,발달상권,3120227,잠실역,208953,446061,11710,송파구,11710710,잠실6동,526867
D,발달상권,3120228,석촌역(석촌호수),209420,445178,11710,송파구,11710580,송파1동,228150
D,발달상권,3120034,중구청(퇴계로4가),199832,451557,11140,중구,11140590,광희동,95213
D,발달상권,3120097,충정로역,196738,451218,11410,서대문구,11410565,충현동,59549
D,발달상권,3120098,DMC(디지털미디어시티),190266,453378,11440,마포구,11440740,상암동,347758
D,발달상권,3120099,월드컵경기장역(월드컵경기장),190957,452186,11440,마포구,11440730,성산2동,269851
D,발달상권,3120148,국회의사당역(국회의사당),192994,447676,11560,영등포구,11560540,여의동,353915
D,발달상권,3120232,송파나루역,209906,445634,11710,송파구,11710580,송파1동,60912
D,발달상권,3120233,몽촌토성역,210030,446282,11710,송파구,11710562,방이2동,115003
D,발달상권,3120234,가락시장역,210499,443922,11710,송파구,11710620,가락본동,165196
D,발달상권,3120236,장지역(가든파이브),210906,442074,11710,송파구,11710642,문정2동,211338
D,발달상권,3120237,경찰병원역,210683,444197,11710,송파구,11710620,가락본동,198351
D,발달상권,3120239,오금역,211154,444709,11710,송파구,11710620,가락본동,151650
D,발달상권,3120240,개롱역,211903,444074,11710,송파구,11710632,가락2동,107416
D,발달상권,3120241,거여역,212871,443719,11710,송파구,11710532,거여2동,94954
D,발달상권,3120242,강동구청역,210844,447756,11740,강동구,11740640,성내1동,205710
D,발달상권,3120246,길동역,212223,448561,11740,강동구,11740685,길동,242674
D,발달상권,3120247,굽은다리역,212606,449599,11740,강동구,11740600,천호1동,94552
D,발달상권,3120248,명일역,212758,450202,11740,강동구,11740530,명일1동,143099
D,발달상권,3120249,고덕역,213696,450444,11740,강동구,11740540,명일2동,92407
D,발달상권,3120187,신논현역,202235,445062,11680,강남구,11680521,논현1동,382392
D,발달상권,3120188,압구정역,202482,447331,11680,강남구,11680510,신사동,251746
D,발달상권,3120189,강남역,202454,444235,11650,서초구,11650520,서초2동,617547
D,발달상권,3120243,천호역,210998,448898,11740,강동구,11740610,천호2동,215270
D,발달상권,3120244,암사역,211298,450214,11740,강동구,11740580,암사2동,80605
D,발달상권,3120245,둔촌역,211926,447436,11740,강동구,11740660,성내3동,165420
D,발달상권,3120229,방이동먹자골목,209657,446106,11710,송파구,11710562,방이2동,146694
D,발달상권,3120230,송파사거리(송파역),209754,444634,11710,송파구,11710600,석촌동,102341
D,발달상권,3120231,가락시장,209881,443794,11710,송파구,11710631,가락1동,615953
D,발달상권,3120200,학동사거리,203460,447067,11680,강남구,11680565,청담동,266597
D,발달상권,3120201,도곡1동,203531,443680,11680,강남구,11680640,역삼1동,169293
D,발달상권,3120202,압구정로데오역(압구정로데오),203548,447476,11680,강남구,11680545,압구정동,265702
D,발달상권,3120203,강남구청역,203597,446308,11680,강남구,11680531,논현2동,173252
D,발달상권,3120204,르네상스호텔사거리,203786,444848,11680,강남구,11680640,역삼1동,160960
D,발달상권,3120205,매봉역,203882,442769,11680,강남구,11680656,도곡2동,122443
D,발달상권,3120207,선정릉역,204022,445778,11680,강남구,11680590,삼성2동,323475
D,발달상권,3120191,학동역,202659,446009,11680,강남구,11680521,논현1동,366287
D,발달상권,3120192,뱅뱅사거리,202785,443423,11680,강남구,11680640,역삼1동,317600
D,발달상권,3120194,언주역(차병원),203009,445326,11680,강남구,11680531,논현2동,242446
D,발달상권,3120195,성수대교남단,203046,447576,11680,강남구,11680545,압구정동,126830
D,발달상권,3120196,서울세관,203125,446206,11680,강남구,11680531,논현2동,185480
D,발달상권,3120197,역삼역,203179,444549,11680,강남구,11680640,역삼1동,562807
D,발달상권,3120198,구역삼세무서,203290,444009,11680,강남구,11680640,역삼1동,291470
